{"cameraMode":{"drawMode":0,"name":"Shaded","section":"Shading Mode"},"sceneLighting":false,"audioPlay":false,"sceneViewState":{"showFog":true,"showMaterialUpdate":false,"showSkybox":true,"showFlares":true,"showImageEffects":true,"showParticleSystems":true},"in2DMode":false,"pivot":{"x":1.6505508422851563,"y":-11.238300323486329,"z":-28.312252044677736},"rotation":{"x":-0.0407479852437973,"y":0.9562028646469116,"z":-0.1624874770641327,"w":-0.24010102450847627},"size":77.59571838378906,"orthographic":false}